﻿"INDICATOR_CODE","INDICATOR_NAME","SOURCE_NOTE","SOURCE_ORGANIZATION",
"SH.CON.1524.FE.ZS","安全套使用率，15-24岁人口，女性（占 15-24 岁女性人口的百分比）","安全套使用率是指15至24岁人口中在过去12个月里最后一次性交时使用过安全套的人所占的比例。","Macro International公司人口统计与健康调查",
"SH.CON.1524.MA.ZS","安全套使用率，15-24岁人口，男性（占 15-24 岁男性人口的百分比）","安全套使用率是指15至24岁人口中在过去12个月里最后一次性交时使用过安全套的人所占的比例。","Macro International公司人口统计与健康调查",
"SH.DTH.IMRT","婴儿死亡数","从出生到一岁（包括一岁）之间死亡的幼儿数","儿童死亡水平和趋势。2011年报告。联合国儿童死亡率估算机构间小组做出的估算（联合国儿童基金会、世界卫生组织、世界银行、联合国经社事务部、联合国人口司）",
"SH.DTH.MORT","五岁以下儿童死亡数","从出生到五岁（包括五岁）之间死亡的儿童数","儿童死亡水平和趋势。2011年报告。联合国儿童死亡率估算机构间小组做出的估算（联合国儿童基金会、世界卫生组织、世界银行、联合国经社事务部、联合国人口司）",
"SH.DTH.NMRT","新生儿死亡数","出生后1月内死亡的婴儿数","儿童死亡水平和趋势。2011年报告。联合国儿童死亡率估算机构间小组做出的估算（联合国儿童基金会、世界卫生组织、世界银行、联合国经社事务部、联合国人口司）",
"SH.DYN.AIDS.FE.ZS","感染 HIV 的成年女性（占15 岁以上HIV感染者的百分比）","HIV 感染率是指HIV感染者所占的百分比。女性感染率是指占所有HIV感染者的百分比。","联合国艾滋病规划署 (UNAIDS) 和世界卫生组织的《全球艾滋病流行报告》。",
"SH.DYN.AIDS.ZS","艾滋病病毒感染率，总数（占15-49岁人口的百分比）","艾滋病病毒感染率指的是15-49岁的感染艾滋病病毒的人口的百分比。","联合国艾滋病规划署 (UNAIDS) 和世界卫生组织的《全球艾滋病流行报告》。",
"SH.DYN.MORT","死亡率，五岁以下儿童（每千例活产儿）","五岁以下儿童死亡率是在以当前分年龄死亡率为依据的情况下，每千名新生儿在年满五岁之前死亡的概率。","儿童死亡率的水平和趋势。2011年报告。由联合国机构间儿童死亡率估算工作组（儿童基金会，世界卫生组织，世界银行，联合国经社部，联合国人口司）估算开发。",
"SH.DYN.MORT.FE","死亡率，5岁以下，女性（每千人）","死亡率，5岁以下，女性（每千人）","儿童死亡率的水平和趋势。2011年报告。由联合国机构间儿童死亡率估算工作组（儿童基金会，世界卫生组织，世界银行，联合国经社部，联合国人口司）估算开发。",
"SH.DYN.MORT.MA","死亡率，5岁以下，男性（每千人）","死亡率，5岁以下，男性（每千人）","儿童死亡率的水平和趋势。2011年报告。由联合国机构间儿童死亡率估算工作组（儿童基金会，世界卫生组织，世界银行，联合国经社部，联合国人口司）估算开发。",
"SH.DYN.NMRT","新生儿死亡率 （每千例活产儿）","新生儿死亡率是指特定年每千名活产婴儿中满28天前死亡的新生儿人数。","儿童死亡率趋势。2011年报告。联合国儿童死亡率估计机构间小组（联合国儿童基金会、世界卫生组织、世界银行、联合国经济和社会事务部、联合国开发计划署）所做估计。",
"SH.HIV.0014","艾滋病病毒感染儿童（0至14岁）","艾滋病病毒感染儿童系指感染艾滋病病毒的0至14岁儿童的人数。","联合国艾滋病规划署 (UNAIDS) 和世界卫生组织的《全球艾滋病流行报告》。",
"SH.HIV.1524.FE.ZS","艾滋病病毒感染率，女性（15-24岁的百分比）","HIV 感染率是指HIV感染者所占的百分比。青少年比例是有关年龄组的百分比。","联合国艾滋病规划署 (UNAIDS) 和世界卫生组织的《全球艾滋病流行报告》。",
"SH.HIV.1524.MA.ZS","艾滋病病毒感染率，男性（占15-24岁的百分比）","HIV 感染率是指HIV感染者所占的百分比。青少年比例是有关年龄组的百分比。","联合国艾滋病规划署 (UNAIDS) 和世界卫生组织的《全球艾滋病流行报告》。",
"SH.HIV.ARTC.ZS","抗逆转录病毒治疗覆盖率（占感染艾滋病毒后期人数的比例）","抗逆转录病毒治疗覆盖率指的是按照国家批准的治疗协议（或世界卫生组织/联合国艾滋病署标准）处于感染艾滋病毒后期、目前正在接受抗逆转录病毒治疗的成人和儿童占感染艾滋病毒后期估计人数的比例。","联合国艾滋病规划署 (UNAIDS) 和世界卫生组织的《全球艾滋病流行报告》。",
"SH.IMM.IDPT","DPT 免疫接种率（占 12 - 23 个月年龄组的百分比）","儿童免疫接种率衡量的是 12-23 个月年龄组的儿童在满12个月前或调查前的任何时间接种疫苗的百分比。儿童在接种 3 次白喉、百日咳和破伤风 (DPT) 疫苗后可视为对这些疾病有足够的免疫力。","世界卫生组织和联合国儿童基金会 (http://www.who.int/immunization_monitoring/routine/en/)。",
"SH.IMM.MEAS","麻疹免疫接种率（占 12 - 23 个月年龄组的百分比）","儿童免疫接种率衡量的是 12-23 个月年龄组的儿童在满12个月前或调查前的任何时间接种疫苗的百分比。儿童在接种一 次麻疹疫苗后可视为对这种疾病有足够的免疫力。","世界卫生组织和联合国儿童基金会 (http://www.who.int/immunization_monitoring/routine/en/)。",
"SH.MED.BEDS.ZS","医院床位（每千人）","医院床位包括公立医院、私立医院、综合医院、专科医院和康复中心提供的住院床位。在多数情况下，急慢性病床位均包括在内。","从世界卫生统计表6，由世界卫生组织在2005年以后的数据中提取。WHS数据是根据泛美卫生组织的基本指标2011年。华盛顿特区，泛美卫生组织，2011（www.paho.org/English/SHA/coredata/tabulator/newTabulator.htm），欧洲所有的数据库（HFA-DB）的健康。哥本哈根，世卫组织区域办事处为欧洲，2011（http://data.euro.who.int/hfadb）的西太平洋地区国家卫生信息档案2011年修订版。马尼拉，世卫组织区域办事处的西太平洋，2010（www.wpro.who.int/countries/ countries.htm），东地中海国家的人口，社会和健康指标。开罗，世卫组织区域办事处东地中海，2011年额外的数据编译为2011年1月，世界卫生组织非洲区域办事处和世卫组织东南亚区域办事处。一些数据是由国家数据的补充。",
"SH.MED.CMHW.P3","社区卫生服务人员（每 1,000 人）","社区卫生服务人员包括各类社区卫生助理，其中很多人员具有国家特有的职称，例如社区卫生官员、社区卫生教育人员、家庭保健人员、女性卫生服务人员和卫生服务推广人员。","世界卫生组织、经济合作与发展组织 (OECD)，以各国数据作为补充。",
"SH.MED.NUMW.P3","护士和助产士（每千人）","护士和助产士包括职业护士、职业助产士、辅助护士、辅助助产士、招收的护士、招收的助产士和其他有关人员，如牙科护士和初级护理护士。","世界卫生组织，全球卫生人力图集。对于最新的更新和元数据，请参阅http://apps.who.int/globalatlas/。",
"SH.MED.PHYS.ZS","内科医生（每千人）","内科医生包括全科和专科医疗从业人员。","世界卫生组织，全球卫生人力图集。对于最新的更新和元数据，请参阅http://apps.who.int/globalatlas/。",
"SH.MLR.NETS.ZS","经杀虫剂处理的蚊帐使用率（占5岁以下人口数量的比例）","经杀虫剂处理的蚊帐使用率是指睡在经杀虫剂处理过的蚊帐内以防止感染疟疾的五岁以下儿童比例。","联合国儿童基金会、《世界儿童状况报告》、儿童信息网以及由宏观国际所做的人口与健康调查。",
"SH.MLR.TRET.ZS","服用治疗疟疾药物的发烧儿童（占 5 岁以下发烧儿童的百分比）","疟疾治疗率是指5 岁以下儿童在此前两周内出现发烧症状并服用任何适当的（根据当地定义）治疗疟疾药物的比例。","联合国儿童基金会、《世界儿童状况报告》、儿童信息网以及由宏观国际所做的人口与健康调查。",
"SH.MMR.DTHS","孕产妇死亡数","产妇死亡率死亡是死于怀孕和分娩期间的妇女人数。","孕产妇死亡率：1990-2010. 世界卫生组织（WHO）、联合国儿童基金会（UNICEF）、联合国人口活动基金会（UNFPA）和世界银行得出的估计值。",
"SH.MMR.RISK","孕产妇死亡的终身风险 （各国比率有所差异）","孕产妇死亡的终身风险是指 15 岁的女性最终死于妊娠或分娩的概率，假定当前的生育率和死亡率（包括孕产妇死亡率）在未来保持不变，多重死因也考虑在内。  ","产妇死亡率趋势：1990-2010。由世界卫生组织，联合国儿童基金会，联合国人口基金和世界银行的估算值。",
"SH.MMR.RISK.ZS","孕产妇死亡的终生风险（百分比）","孕产妇死亡的终身风险是指 15 岁的女性最终死于妊娠或分娩的概率，假定当前的生育率和死亡率（包括孕产妇死亡率）在未来保持不变，多重死因也考虑在内。  ","产妇死亡率趋势：1990-2010。由世界卫生组织，联合国儿童基金会，联合国人口基金和世界银行的估算值。",
"SH.PRG.ANEM","孕妇贫血患病率(%)","孕妇贫血患病率是指孕妇的血红蛋白水平低于110克每公升海平面的百分比。","世界卫生组织，全球的贫血患病率。",
"SH.PRV.SMOK.FE","女性吸烟率（吸烟女性占所有成年人比例）","女性吸烟率指年龄在15岁及15岁以上、吸食任何种类烟草（包括香烟、雪茄和烟斗，但不含无烟烟草）的女性比例。数据中包含习惯每日吸烟者和非每日吸烟者。","《世界卫生组织全球烟草流行报告》",
"SH.PRV.SMOK.MA","男性吸烟率（吸烟男性占所有成年人比例）","男性吸烟率指年龄在15岁及15岁以上、吸食任何种类烟草（包括香烟、雪茄和烟斗，但不含无烟烟草）的男性比例。数据中包含习惯每日吸烟者和非每日吸烟者。","《世界卫生组织全球烟草流行报告》",
"SH.STA.ACSN","经过改善的卫生设施（获得经过改善的设施的人口所占百分比）","获得经改善卫生设施是指具有最基本的处理排泄物设施的人口所占的比例，这些设施能够有效防止人畜及蚊蝇与排泄物接触。经改善的卫生设施包括从简单但有防护的厕坑到连通污水管道的直冲式厕所。为了保证有效，卫生设施的修建方式必须正确并得到适当维护。","世界卫生组织和联合国儿童基金会联合监测项目(JMP) (http://www.wssinfo.org/)。",
"SH.STA.ACSN.RU","农村改善的卫生设施（获得经改善卫生设施的农村人口所占百分比）","获得经改善卫生设施是指具有最基本的处理排泄物设施的人口所占的比例，这些设施能够有效防止人畜及蚊蝇与排泄物接触。经改善的卫生设施包括从简单但有防护的厕坑到连通污水管道的直冲式厕所。为了保证有效，卫生设施的修建方式必须正确并得到适当维护。","世界卫生组织和联合国儿童基金会联合监测项目(JMP) (http://www.wssinfo.org/)。",
"SH.STA.ACSN.UR","城市改善的卫生设施（获得经改善卫生设施的城市人口所占百分比）","获得经改善卫生设施是指具有最基本的处理排泄物设施的人口所占的比例，这些设施能够有效防止人畜及蚊蝇与排泄物接触。经改善的卫生设施包括从简单但有防护的厕坑到连通污水管道的直冲式厕所。为了保证有效，卫生设施的修建方式必须正确并得到适当维护。","世界卫生组织和联合国儿童基金会联合监测项目(JMP) (http://www.wssinfo.org/)。",
"SH.STA.ANVC.ZS","接受产前护理的孕妇（百分比）","接受产前护理的孕妇是在妊娠期因妊娠相关原因而至少经熟练的医务人员护理过一次的孕妇的百分比。","联合国儿童基金会、《世界儿童状况报告》、儿童信息网以及由宏观国际所做的人口与健康调查。",
"SH.STA.ARIC.ZS","儿童急性呼吸道感染治疗率（接受医疗救治的 5 岁以下儿童所占比例）","接受医疗救治的急性呼吸道感染（ARI）儿童指过去两周因患有 ARI 而被送往相应医疗服务提供者的 5 岁以下儿童比例，些医疗服务提供者包括医院、医疗中心、医务室、乡村卫生工作者、诊所和私人医生。","联合国儿童基金会、《世界儿童状况报告》、儿童信息网以及由宏观国际所做的人口与健康调查。",
"SH.STA.BFED.ZS","完全母乳喂养率（占 6 个月以下儿童的百分比）","完全母乳喂养率指在过去 24 小时内只用母乳（不喂其他液体）喂养的不满 6个月儿童所占的比例。","联合国儿童基金会、《世界儿童状况报告》、儿童信息网以及由宏观国际所做的人口与健康调查。",
"SH.STA.BRTC.ZS","在熟练医护人员护理下的分娩（占总数的百分比）","在熟练医护人员护理下的分娩为在经过培训的医护人员护理下分娩的比例，培训内容包括在女性妊娠、分娩和产后期间给予必要的监护、照顾和建议，独立接生和处置新生儿。","联合国儿童基金会、《世界儿童状况报告》、儿童信息网以及由宏观国际所做的人口与健康调查。",
"SH.STA.BRTW.ZS","低出生重量婴儿（占出生儿的百分比）","低出生重量婴儿是重量低于2,500克的新生儿，测量是在出生后一小时之内、在产后重量明显损失之前进行的。","联合国儿童基金会、《世界儿童状况报告》、儿童信息网以及由宏观国际所做的人口与健康调查。",
"SH.STA.MALN.FE.ZS","营养不良患病率，基于年龄相应的体重，女性（占5岁以下儿童百分比）","营养不良发生率，基于年龄相应的体重，女性（占5岁以下儿童百分比）","世界卫生组织，儿童发育与营养全球数据库。汇总数据基于UNICEF/ WHO联合全球营养不良分析日设为2011年及联合国儿童基金会额外的分析。",
"SH.STA.MALN.MA.ZS","营养不良患病率，基于年龄相应的体重，男性（占5岁以下儿童百分比）","营养不良发生率，基于年龄相应的体重，男性（占5岁以下儿童百分比）","世界卫生组织，儿童发育与营养全球数据库。汇总数据基于UNICEF/ WHO联合全球营养不良分析日设为2011年及联合国儿童基金会额外的分析。",
"SH.STA.MALN.ZS","营养不良发生率，年龄体重（占5岁以下儿童的百分比）","儿童营养不良发生率是年龄体重比0-59个月大的国际参考年龄组儿童的中间值低两个标准差以上的5岁以下儿童人数的百分比。数据是根据世界卫生组织（WHO）2006年发布的新的儿童发育标准得出的。","世界卫生组织，儿童发育与营养全球数据库。 ",
"SH.STA.MMRT","孕产妇死亡率（模型估计值，每10万例活产中所占比例）","孕产妇死亡率是每10万例活产中在妊娠和分娩期间死亡的妇女的数量。数据是通过回归模型得出的估计值，使用了生育、分娩护理、以及艾滋病流行率等方面的信息。","孕产妇死亡率：1990-2010. 世界卫生组织（WHO）、联合国儿童基金会（UNICEF）、联合国人口活动基金会（UNFPA）和世界银行得出的估计值。",
"SH.STA.MMRT.NE","孕产妇死亡比率（国家估算，每10万活产婴儿）","孕产妇死亡率是每10万例活产中在妊娠和分娩期间死亡的妇女的数量。","联合国儿童基金会、《世界儿童状况报告》、儿童信息网以及由宏观国际所做的人口与健康调查。",
"SH.STA.ORCF.ZS","痢疾治疗（5 岁以下儿童中接受口服补液盐治疗并继续服用的比例）","服用口服补液盐及继续喂食的患痢疾儿童指的是5 岁以下患痢疾的儿童在调查前两周内接受口服补液盐治疗并继续服用的比例。","联合国儿童基金会、《世界儿童状况报告》、儿童信息网以及由宏观国际所做的人口与健康调查。",
"SH.STA.ORTH","","","",
"SH.STA.OWGH.FE.ZS","超重率，女性（占5岁以下儿童中百分比）","超重发生率，女性（占5岁以下儿童中百分比）","世界卫生组织，儿童发育与营养全球数据库。汇总数据基于UNICEF/ WHO联合全球营养不良分析日设为2011年及联合国儿童基金会额外的分析。",
"SH.STA.OWGH.MA.ZS","超重率，男性（占5岁以下儿童中百分比）","超重发生率，男性（占5岁以下儿童中百分比）","世界卫生组织，儿童发育与营养全球数据库。汇总数据基于UNICEF/ WHO联合全球营养不良分析日设为2011年及联合国儿童基金会额外的分析。",
"SH.STA.OWGH.ZS","超重的发生率（占5岁以下儿童的百分比）","儿童的超重发生率是体重与身高比率超过国际相应年龄参照人口的中位数两个标差以上的5岁以下儿童的百分比，这个标准是WHO在其2006年发布的新的儿童发育标准中确定的。","世界卫生组织，儿童发育与营养全球数据库。 ",
"SH.STA.STNT.FE.ZS","营养不良患病率，基于年龄相应的身高，女性（占5岁以下儿童百分比）","营养不良发生率，基于年龄相应的身高，女性（占5岁以下儿童百分比）","世界卫生组织，儿童发育与营养全球数据库。汇总数据基于UNICEF/ WHO联合全球营养不良分析日设为2011年及联合国儿童基金会额外的分析。",
"SH.STA.STNT.MA.ZS","营养不良患病率，基于年龄相应的身高，男性（占5岁以下儿童百分比）","营养不良发生率，基于年龄相应的身高，男性（占5岁以下儿童百分比）","世界卫生组织，儿童发育与营养全球数据库。汇总数据基于UNICEF/ WHO联合全球营养不良分析日设为2011年及联合国儿童基金会额外的分析。",
"SH.STA.STNT.ZS","营养不良的发生率，年龄身高（占5岁以下儿童的百分比）","儿童营养不良发生率是年龄身高比0-59个月大的国际参照年龄组的儿童的中间值低两个标准差以上的5岁以下儿童（身材矮小）人数的百分比。两岁和两岁以下儿童的身高是躺位时测量的身体长度。年龄较大的儿童的身高是站位时测量的高度。数据是根据世界卫生组织（WHO）2006年发布的新的儿童发育标准得出的。","世界卫生组织，儿童发育与营养全球数据库。 ",
"SH.STA.WAST.FE.ZS","消瘦患病率，女性（占5岁以下儿童中百分比）","消瘦发生率，女性（占5岁以下儿童中百分比）","世界卫生组织，儿童发育与营养全球数据库。汇总数据基于UNICEF/ WHO联合全球营养不良分析日设为2011年及联合国儿童基金会额外的分析。",
"SH.STA.WAST.MA.ZS","消瘦患病率，男性（占5岁以下儿童中百分比）","消瘦发生率，男性（占5岁以下儿童中百分比）","世界卫生组织，儿童发育与营养全球数据库。汇总数据基于UNICEF/ WHO联合全球营养不良分析日设为2011年及联合国儿童基金会额外的分析。",
"SH.STA.WAST.ZS","消瘦发生率（5岁以下儿童所占百分比）","消瘦发生率是指，相应身高条件下体重低于均值2个标准差的5岁以下儿童在国际参照人口年龄段（0-59岁）中所占比例","世界卫生组织，儿童发育与营养全球数据库。 ",
"SH.TBS.CURE.ZS","肺结核治疗成功率（占登记病例比例）","肺结核治疗成功率是指已经治愈或已经完成一个完整疗程的新登记涂阳（传染性）肺结核病例的比例。","世界卫生组织《全球结核病控制报告》",
"SH.TBS.DTEC.ZS","肺结核病例检出率（百分比，所有形式）","肺结核病例检出率（所有形式）是指新通报的肺结核病例（包括复发病例）与预计发生病例（所有形式的病例检出）的比率。","世界卫生组织《全球结核病控制报告》",
"SH.TBS.INCD","结核患病率（每十万人）","结核病患病率是指新增肺结核、痰涂片阳性、肺外结核病例的估计数","世界卫生组织《全球结核病控制报告》",
"SH.VAC.TTNS.ZS","新生儿破伤风预防（%）","新生儿破伤风预防系指接受破伤风免疫接种的育龄期妇女的生育比例。","联合国儿童基金会，世界儿童状况，儿童信息网。",
"SH.XPD.EXTR.ZS","外部卫生资源（占卫生总支出的百分比）","外部卫生资源是指由不属于相关国家的实体提供的资金或实物服务。此类资源可以来自国际组织、来自通过双边安排的其他国家，或来自外国非政府组织。这些资源属于卫生总支出的一部分。","世界卫生组织国家卫生帐户数据库（见最近更新的http://apps.who.int/nha/database）。",
"SH.XPD.OOPC.TO.ZS","个人自付的医疗卫生支出（占总医疗卫生支出的百分比）","个人自付的医疗卫生支出是居民的一项直接支出，包括花费在医疗从业人员和药品供应商、治疗器械、以及其他货物和服务上的礼金和实物支出，其主要目的是帮助恢复和改善个人或人口群体的健康状况。它是个人医疗卫生支出的一部分。","世界卫生组织国家卫生帐户数据库（见最近更新的http://apps.who.int/nha/database）。",
"SH.XPD.OOPC.ZS","个人自付的医疗卫生支出（占个人医疗卫生支出的百分比）","个人自付的医疗卫生支出是居民的一项直接支出，包括花费在医疗从业人员和药品供应商、治疗器械、以及其他货物和服务上的礼金和实物支出，其主要目的是帮助恢复和改善个人或人口群体的健康状况。它是个人医疗卫生支出的一部分。","世界卫生组织国家卫生帐户数据库（见最近更新的http://apps.who.int/nha/database）。",
"SH.XPD.PCAP","人均医疗卫生支出（现价美元）","人均医疗卫生支出为公共和与私营卫生支出之和与总人口的比率。涵盖医疗卫生服务（预防和治疗）、计划生育、营养项目、紧急医疗救助，但是不包括饮用水和卫生设施提供。数据按现价美元计。","世界卫生组织国家卫生帐户数据库（见最近更新的http://apps.who.int/nha/database）。",
"SH.XPD.PCAP.PP.KD","按购买力平价 (PPP) 衡量的人均医疗卫生支出（2005 年不变价国际元）","人均医疗卫生支出为公共和与私营卫生支出之和与总人口的比率。涵盖医疗卫生服务（预防和治疗）、计划生育、营养项目、紧急医疗救助，但是不包括饮用水和卫生设施提供。数据用购买力平价 (PPP) 汇率将转换为2005 年国际元。注： 如需上述数据的近期更新信息，请访问世界卫生组织的国家卫生帐户 (NHA) 网站 (http://www.who.int/nha/en/)。","世界卫生组织的国家卫生帐户数据库 (www.who.int/nha/en)，以各国数据作为补充。",
"SH.XPD.PRIV.ZS","私营医疗卫生支出（占 GDP 的百分比）","私营医疗卫生支出包括居民直接（自付）开支、私人保险、慈善捐款以及私营机构的直接服务付费。","世界卫生组织国家卫生帐户数据库（见最近更新的http://apps.who.int/nha/database）。",
"SH.XPD.PUBL","公共医疗卫生支出（占医疗总支出的百分比）","公共医疗卫生支出由政府（中央和地方）预算中的经常性支出和资本支出、外部借款和赠款（包括国际机构和非政府组织的捐赠）以及社会（或强制）医疗保险基金构成。医疗卫生总支出为公共医疗卫生支出与私营医疗卫生支出之和。涵盖医疗卫生服务（预防和治疗）、计划生育、营养项目、紧急医疗救助，但是不包括饮用水和卫生设施提供。","世界卫生组织国家卫生帐户数据库（见最近更新的http://apps.who.int/nha/database）。",
"SH.XPD.PUBL.GX.ZS","公共医疗卫生支出（占政府支出的百分比）","公共医疗卫生支出由政府（中央和地方）预算中的经常性支出和资本支出、外部借款和赠款（包括国际机构和非政府组织的捐赠）以及社会（或强制）医疗保险基金构成。","世界卫生组织国家卫生帐户数据库（见最近更新的http://apps.who.int/nha/database）。",
"SH.XPD.PUBL.ZS","公共医疗卫生支出（占 GDP 的百分比）","公共医疗卫生支出由政府（中央和地方）预算中的经常性支出和资本支出、外部借款和赠款（包括国际机构和非政府组织的捐赠）以及社会（或强制）医疗保险基金构成。注： 如需上述数据的近期更新信息，请访问世界卫生组织的国家卫生帐户 (NHA) 网站 (http://www.who.int/nha/en/)。","世界卫生组织的国家卫生帐户数据库 (www.who.int/nha/en)，以各国数据作为补充。",
"SH.XPD.TOTL.ZS","医疗卫生总支出（占 GDP 的百分比）","医疗卫生总支出为公共医疗卫生支出与私营医疗卫生支出之和。涵盖医疗卫生服务（预防和治疗）、计划生育、营养项目、紧急医疗救助，但是不包括饮用水和卫生设施提供。","世界卫生组织国家卫生帐户数据库（见最近更新的http://apps.who.int/nha/database）。",
"SN.ITK.DEFC.ZS","营养不良的发生率（占人口的百分比）","低于膳食能量消耗最低水平的人口（亦称营养不良的发生率）是指食物摄入不足，无法持续满足膳食能量要求的人口占总人口的比例。数据显示为2.5，表明营养不良的发生率低于2.5%。","粮农组织（http://www.fao.org/faostat/foodsecurity/index_en.htm）。",
"SN.ITK.DFCT","","","",
"SN.ITK.SALT.ZS","食用加碘盐（占住户的比例）","碘盐使用率指使用碘盐的住户所占的比例。","联合国儿童基金会《世界儿童状况报告》",
"SN.ITK.VITA.ZS","维生素A补充剂覆盖率（占6-59个月儿童数量比例）","维生素A补充剂覆盖率是指在出生后六个月内曾摄入至少一剂高剂量维生素A胶囊的6-59个月儿童的比例。","联合国儿童基金会《世界儿童状况报告》",
"SP.ADO.TFRT","青春期生育率（每千名 15-19 岁女性生育数）","青春期生育率是指每千名15—19岁女性的生育数量。","联合国人口司《世界人口前景》。",
"SP.DTH.INFR.ZS","婴儿死亡报告完整性（报告婴儿死亡数占估计婴儿死亡数的百分比）","婴儿死亡报告完整性是国家统计机构向联合国统计署《人口统计年鉴》报告的婴儿死亡人数除以联合国人口署估计的婴儿死亡人数。","联合国统计署的《人口和生命统计报告》和联合国人口署的《世界人口展望》。",
"SP.DTH.REPT.ZS","死亡总数报告完整性（报告死亡总数占预计死亡总数的百分比）","死亡总数报告完整性是国家统计机构向联合国统计署《人口统计年鉴》报告的死亡总数除以联合国人口署估计的死亡总数。","联合国统计署的《人口和生命统计报告》和联合国人口署的《世界人口展望》。",
"SP.DYN.AMRT.FE","死亡率，成年人，女性（每千名成年女性）","成人死亡率是在以当前分年龄死亡率为依据的情况下，在15和60岁之间的死亡概率，即一个15岁的人在活到60岁之前的死亡概率。","(1) 联合国人口司。世界人口展望。纽约联合国经济和社会事务部（高级 Excel 表格）。http://esa.un.org/wpp/unpp/panel_population.htm，（2）加州大学伯克利分校和马克斯·普朗克人口研究学院。人口死亡率数据库。[www.mortality.org或www.humanmortality.de]。",
"SP.DYN.AMRT.MA","死亡率，成年人，男性（每千名男性）","成人死亡率是在以当前分年龄死亡率为依据的情况下，在15和60岁之间的死亡概率，即一个15岁的人在活到60岁之前的死亡概率。","(1) 联合国人口司。世界人口展望。纽约联合国经济和社会事务部（高级 Excel 表格）。http://esa.un.org/wpp/unpp/panel_population.htm，（2）加州大学伯克利分校和马克斯·普朗克人口研究学院。人口死亡率数据库。[www.mortality.org或www.humanmortality.de]。",
"SP.DYN.CBRT.IN","粗出生率（每千人）","粗出生率表示年中时估计的一年内平均每千人中的活产婴儿数。用粗出生率减去粗死亡率就得出人口的自然增长率，即相当于不包括移民的人口变动率。","联合国人口司,世界人口展望;人口普查报告及其他国民统计刊物 。",
"SP.DYN.CDRT.IN","粗死亡率（每千人）","粗死亡率表示年中时估计的一年内平均每千人中的死亡人数。用粗出生率减去粗死亡率就得出人口的自然增长率，即相当于不包括移民的人口变动率。","联合国人口司,世界人口展望;人口普查报告及其他国民统计刊物 。",
"SP.DYN.CONU.ZS","避孕普及率（占 15–49 岁女性的百分比）","避孕普及率是指本人或其性伴侣采取了任何形式的避孕措施的妇女所占百分比。通常仅针对 15-49 岁的已婚妇女。","住户调查，包括宏观国际的人口与健康调查和联合国儿童基金会 (UNICEF) 的多指标类集调查。",
"SP.DYN.IMRT.FE.IN","婴儿死亡率，女性（每1000名活产婴儿）","婴儿死亡率，女性（每1000名活产婴儿）","儿童死亡率的水平和趋势。2011年报告。由联合国机构间儿童死亡率估算工作组（儿童基金会，世界卫生组织，世界银行，联合国经社部，联合国人口司）估算开发。",
"SP.DYN.IMRT.FE.IN","婴儿死亡率，女性（每1000名活产婴儿）","婴儿死亡率，女性（每1000名活产婴儿）","儿童死亡率的水平和趋势。2011年报告。由联合国机构间儿童死亡率估算工作组（儿童基金会，世界卫生组织，世界银行，联合国经社部，联合国人口司）估算开发。",
"SP.DYN.IMRT.IN","死亡率，婴幼儿（每千例活产儿）","婴儿死亡率是在一个特定年内每千例活产儿中在活到一岁之前死亡的婴儿数量。","儿童死亡率的水平和趋势。2011年报告。由联合国机构间儿童死亡率估算工作组（儿童基金会，世界卫生组织，世界银行，联合国经社部，联合国人口司）估算开发。",
"SP.DYN.IMRT.MA.IN","婴儿死亡率，男性（每1000名活产婴儿）","婴儿死亡率，男性（每1000名活产婴儿）","儿童死亡率的水平和趋势。2011年报告。由联合国机构间儿童死亡率估算工作组（儿童基金会，世界卫生组织，世界银行，联合国经社部，联合国人口司）估算开发。",
"SP.DYN.IMRT.MA.IN","婴儿死亡率，男性（每1000名活产婴儿）","婴儿死亡率，男性（每1000名活产婴儿）","儿童死亡率的水平和趋势。2011年报告。由联合国机构间儿童死亡率估算工作组（儿童基金会，世界卫生组织，世界银行，联合国经社部，联合国人口司）估算开发。",
"SP.DYN.LE00.FE.IN","出生时的预期寿命，女性（岁）","出生时的预期寿命是指假定出生时的死亡率模式在一生中保持不变，一名新生儿可能生存的年数。","联合国人口司,世界人口展望;人口普查报告及其他国民统计刊物 。",
"SP.DYN.LE00.IN","出生时的预期寿命，总体（岁）","出生时的预期寿命是指假定出生时的死亡率模式在一生中保持不变，一名新生儿可能生存的年数。","从男性和女性出生时的预期寿命推算得出。男性和女性预期寿命数据来源： (1) 联合国人口司。2009。《世界人口展望： 2008 年修订本》。纽约联合国经济和社会事务部",
"SP.DYN.LE00.MA.IN","出生时的预期寿命，男性（岁）","出生时的预期寿命是指假定出生时的死亡率模式在一生中保持不变，一名新生儿可能生存的年数。","联合国人口司,世界人口展望;人口普查报告及其他国民统计刊物 。",
"SP.DYN.TFRT.IN","总生育率(女性人均生育数）","总生育率表示假设妇女度过整个生育期并按照当期的年龄别生育率生育孩子所生育的孩子数。","联合国人口司,世界人口展望;人口普查报告及其他国民统计刊物 。",
"SP.DYN.TO65.FE.ZS","存活至65岁的女性（占同层人群比例）","存活至65岁的人口所占比例即按照当前特定年龄组死亡率计算得出的同层新生婴儿中能够存活至65岁的人口比例。","联合国人口司。世界人口展望。纽约联合国经济和社会事务部（高级 Excel 表格）。http://esa.un.org/wpp/unpp/panel_population.htm。",
"SP.DYN.TO65.MA.ZS","存活至65岁的男性（占同层人群比例）","存活至65岁的人口所占比例即按照当前特定年龄组死亡率计算得出的同层新生婴儿中能够存活至65岁的人口比例。","联合国人口司。世界人口展望。纽约联合国经济和社会事务部（高级 Excel 表格）。http://esa.un.org/wpp/unpp/panel_population.htm。",
"SP.DYN.WFRT","意愿生育率（每名妇女的生育次数）","意愿生育率是在假设所有非意愿生育均可避免的情况下估算得出的总生育率。","人口统计与健康调查",
"SP.HOU.FEMA.ZS","女性作为户主的家庭（以女性作为户主的家庭比例）","非全日制就业是指其正常工作时间少于正常工作时间的正规就业。非全日制就业的定义因国家而异。","国际劳工组织劳动市场数据库的关键指标。",
"SP.MTR.1519.ZS","青少年母亲（占15-19岁年龄段内曾生育子女或正处于怀孕阶段的女性比例）","青少年母亲属于15-19岁年龄段内已生育子女或正处于怀孕阶段的女性的一部分。","Macro International公司人口统计与健康调查",
"SP.POP.0014.TO.ZS","0-14岁的人口（占总人口的百分比）","0-14岁之间的人口占总人口的百分比。人口是根据实际存在的人口定义确定的。","世行人员根据普查报告、联合国人口司的《世界人口前景》、各国统计局、国家机构进行的住户调查以及宏观国际等各方面的资料进行的估算。",
"SP.POP.1564.TO.ZS","15-64岁的人口（占总人口的百分比）","15至64岁的人口是15至64岁年龄组的总人口的百分比。人口是根据约定俗成的人口定义确定的。","世行人员根据普查报告、联合国人口司的《世界人口前景》、各国统计局、国家机构进行的住户调查以及宏观国际等各方面的资料进行的估算。",
"SP.POP.65UP.TO.ZS","65岁和65岁以上的人口（占总人口的百分比）","65岁和65岁以上的人口占总人口的百分比。人口是根据实际存在的人口定义确定的。","世行人员根据普查报告、联合国人口司的《世界人口前景》、各国统计局、国家机构进行的住户调查以及宏观国际等各方面的资料进行的估算。",
"SP.POP.DPND","抚养比（占劳动年龄人口的百分比）","抚养比是被抚养人口（15 岁以下或 64 岁以上人口）与劳动年龄人口（15-64 岁人口）之比。数据体现为每百名劳动年龄人口中被抚养人口所占的比例。","世行人员根据普查报告、联合国人口司的《世界人口前景》、各国统计局、国家机构进行的住户调查以及宏观国际等各方面的资料进行的估算。",
"SP.POP.DPND.OL","老年抚养比（占工作年龄人口的百分比）","老年抚养比是被抚养老年人口（64 岁以上人口）与工作年龄人口（15-64 岁人口）之比。数据显示为每百 名工作年龄人口中被抚养人口所占的比例。","世行人员根据普查报告、联合国人口司的《世界人口前景》、各国统计局、国家机构进行的住户调查以及宏观国际等各方面的资料进行的估算。",
"SP.POP.DPND.YG","少儿抚比率（占工作年龄人口的百分比）","少儿抚养比是被抚养少儿人口（15 岁以下人口）与劳动年龄人口（15-64 岁人口）之比。数据显示为每百名劳动年龄人口中被抚养人口所占的比例。","世行人员根据普查报告、联合国人口司的《世界人口前景》、各国统计局、国家机构进行的住户调查以及宏观国际等各方面的资料进行的估算。",
"SP.POP.GROW","人口增长（年度百分比）","人口增长率是从t-1至t年的年中人口的指数增长率，用百分比来表示。  ","来自总人口。人口来源：(1) 联合国人口司。世界人口展望，（2）联合国统计司。人口和生命统计计算机制表（各年），（3）政府报告和其他来自国家统计局的统计出版物，（4）欧盟统计局人口统计，（5）秘书处，太平洋共同体：统计和人口计划，（6）美国人口普查局国际数据库。",
"SP.POP.TOTL","人口，总数","总人口是根据约定俗成的人口定义确定的，计算所有的居民，无论他们是否拥有合法身份或公民身份，除了没有永久定居在避难国的难民，他们一般被视为其祖籍国人口的一部分。显示的数值是年中估计值。","联合国人口司,世界人口展望;人口普查报告及其他国民统计刊物 。",
"SP.POP.TOTL.FE.ZS","人口，女性（占总人口的百分比）","女性人口是指女性在人口中的百分比。人口是根据实际存在的人口定义确定的。","联合国人口司,世界人口展望",
"SP.REG.BRTH.RU.ZS","农村出生登记完整性（百分比）","出生登记完整性是指在调查时已登记的 5 岁以下儿童所占百分比。出生登记完整性的分子包括调查人员亲眼看到其出生证或其母亲或看护人员表示已登记其出生的儿童。","联合国儿童基金会 (UNICEF) 的《世界儿童状况报告》的主要依据是住户调查和卫生部数据。",
"SP.REG.BRTH.UR.ZS","城市出生登记完整性（百分比）","出生登记完整性是指在调查时已登记的 5 岁以下儿童所占百分比。出生登记完整性的分子包括调查人员亲眼看到其出生证或其母亲或看护人员表示已登记其出生的儿童。","联合国儿童基金会 (UNICEF) 的《世界儿童状况报告》的主要依据是住户调查和卫生部数据。",
"SP.REG.BRTH.ZS","出生登记完整性（百分比）","出生登记完整性是指在调查时已登记的 5 岁以下儿童所占百分比。出生登记完整性的分子包括调查人员亲眼看到其出生证或其母亲或看护人员表示已登记其出生的儿童。","联合国儿童基金会 (UNICEF) 的《世界儿童状况报告》的主要依据是住户调查和卫生部数据。",
"SP.UWT.TFRT","未能满足的避孕需求 （占15-49岁已婚妇女数量的比例）","未能满足的避孕需求是指具有生育能力的育龄已婚妇女中，不希望怀孕但却未使用避孕措施的部分妇女所占比例。","住户调查，包括宏观国际的人口与健康调查和联合国儿童基金会 (UNICEF) 的多指标类集调查。",
